点赞,评论,转发,日期,,,
1,1,0,8月21日,,0,8月29日
2,10,0,8月20日,,0,8月28日
1,0,0,8月20日,,0,8月27日
2,0,0,8月20日,,0,8月26日
0,2,0,8月18日,,0,8月25日
296,865,772,8月17日,,0,8月24日
3,2,0,8月17日,,0,8月23日
5,2,2,8月17日,,0,8月22日
4,4,1,8月17日,,0,8月21日
4,0,0,8月17日,,0,8月20日
3,0,0,8月16日,,0,8月19日
1,4,0,8月16日,,0,8月18日
35,147,170,8月15日,,0,8月17日
2,3,1,8月15日,,0,8月16日
5,8,2,8月14日,,0,8月15日
3,2,0,8月14日,,0,8月14日
2,5,2,8月14日,,0,8月13日
2,2,1,8月13日,,0,8月12日
1,0,0,8月11日,,0,8月11日
281,867,617,8月10日,,0,8月10日
4,10,0,8月10日,,0,8月9日
3,3,0,8月10日,,0,8月8日
2,1,0,8月9日,,0,8月7日
3725,4322,4670,8月8日,,0,8月6日
4,5,1,8月8日,,0,8月5日
2,0,0,8月7日,,0,8月4日
3,0,0,8月7日,,0,8月3日
8,0,0,8月7日,,0,8月2日
0,2,0,8月6日,,0,8月1日
5,6,0,8月6日,,0,7月31日
4,9,2,8月6日,,0,7月30日
2,3,1,8月4日,,0,7月29日
61,162,272,8月3日,,0,7月28日
3,4,2,8月3日,,0,7月27日
4,2,1,8月3日,,0,7月26日
1,1,0,8月2日,,0,7月25日
2,1,1,8月2日,,0,7月24日
2,0,0,8月2日,,0,7月23日
386,663,805,8月1日,,0,7月22日
45,97,139,8月1日,,0,7月21日
2,3,0,7月31日,,0,7月20日
4,5,0,7月31日,,0,7月19日
2,0,0,7月30日,,0,7月18日
5,6,5,7月30日,,0,7月17日
2,4,0,7月28日,,0,7月16日
375,1068,1226,7月27日,,0,7月15日
31,93,63,7月27日,,0,7月14日
8,2,2,7月26日,,0,7月13日
4,2,0,7月26日,,0,7月12日
5,11,0,7月26日,,0,7月11日
5,11,0,7月26日,,0,7月10日
3,3,0,7月26日,,0,7月9日
1965,2559,2952,7月25日,,0,7月8日
2,1,0,7月25日,,0,7月7日
1,1,0,7月25日,,0,7月6日
2,10,0,7月24日,,0,7月5日
7,11,0,7月24日,,0,7月4日
4,0,0,7月23日,,0,7月3日
3,3,0,7月23日,,0,7月2日
7,1,0,7月23日,,0,7月1日
6,2,0,7月21日,,0,6月30日
457,795,612,7月20日,,0,6月29日
163,306,203,7月20日,,0,6月28日
29,232,33,7月20日,,0,6月27日
13,166,221,7月19日,,0,6月26日
4,5,0,7月19日,,0,6月25日
11,4,1,7月19日,,0,6月24日
14,45,3,7月19日,,0,6月23日
68,192,185,7月18日,,0,6月22日
1586,1618,2695,7月17日,,0,6月21日
2059,1643,2659,7月17日,,0,6月20日
20,47,6,7月17日,,0,6月19日
2,1,1,7月16日,,0,6月18日
32,107,34,7月16日,,0,6月17日
1758,265,2165,7月16日,,0,6月16日
9,9,0,7月16日,,0,6月15日
2,1,0,7月16日,,0,6月14日
11,1,0,7月16日,,0,6月13日
3,1,0,7月14日,,0,6月12日
3,0,0,7月13日,,0,6月11日
516,440,567,7月13日,,0,6月10日
1,0,0,7月13日,,0,6月9日
5,2,0,7月12日,,0,6月8日
5,10,0,7月12日,,0,6月7日
21,71,90,7月11日,,0,6月6日
6,730,432,7月11日,,0,6月5日
2,0,0,7月11日,,0,6月4日
3,7,3,7月11日,,0,6月3日
2,0,0,7月10日,,0,6月2日
1,0,0,7月10日,,0,6月1日
1,4,0,7月9日,,0,5月31日
1,0,0,7月9日,,0,5月30日
2,1,0,7月9日,,0,5月29日
3,109,117,7月8日,,0,5月28日
1,0,0,7月7日,,0,5月27日
2443,2123,2646,7月7日,,0,5月26日
3,102,1,7月7日,,0,5月25日
4,1,0,7月7日,,0,5月24日
451,795,998,7月6日,,0,5月23日
3,0,0,7月6日,,0,5月22日
3,0,1,7月6日,,0,5月21日
2,1,1,7月6日,,0,5月20日
75,316,418,7月4日,,0,5月19日
1,0,0,7月4日,,0,5月18日
2,4,1,7月3日,,0,5月17日
0,0,1,7月2日,,0,5月16日
2,1,0,7月1日,,0,5月15日
209,292,264,6月29日,,0,5月14日
4,2,1,6月29日,,0,5月13日
3,59,1,6月29日,,0,5月12日
2,57,0,6月28日,,0,5月11日
3,44,0,6月28日,,0,5月10日
4,121,0,6月28日,,0,5月9日
1,1,0,6月27日,,0,5月8日
11,120,0,6月27日,,0,5月7日
3,76,0,6月26日,,0,5月6日
3,2,0,6月25日,,0,5月5日
415,1147,917,6月25日,,0,5月4日
4,2,1,6月22日,,0,5月3日
3,171,0,6月22日,,0,5月2日
2,169,1,6月22日,,0,5月1日
7,181,2,6月21日,,0,4月30日
6,0,0,6月21日,,0,4月29日
115,1307,336,6月20日,,0,4月28日
2,85,1,6月19日,,0,4月27日
6,6,0,6月18日,,0,4月26日
2,1,0,6月17日,,0,4月25日
6,4,0,6月17日,,0,4月24日
2,1,1,6月15日,,0,4月23日
1,1,0,6月15日,,0,4月22日
540,223,698,6月15日,,0,4月21日
42,227,115,6月15日,,0,4月20日
11,77,0,6月14日,,0,4月19日
6,3,1,6月14日,,0,4月18日
7,65,1,6月14日,,0,4月17日
70,226,140,6月14日,,0,4月16日
217,73,241,6月14日,,0,4月15日
45,127,89,6月13日,,0,4月14日
2,0,0,6月12日,,0,4月13日
2,0,0,6月12日,,0,4月12日
4,74,0,6月12日,,0,4月11日
3,0,0,6月11日,,0,4月10日
4,47,0,6月11日,,0,4月9日
5,4,0,6月10日,,0,4月8日
4,0,0,6月8日,,0,4月7日
449,983,686,6月7日,,0,4月6日
1097,1029,1511,6月6日,,0,4月5日
7,0,0,6月6日,,0,4月4日
4,117,1,6月5日,,0,4月3日
4,4,2,6月4日,,0,4月2日
3,1,0,6月2日,,0,4月1日
4,3,1,6月1日,,0,3月31日
8,2,0,6月1日,,0,3月30日
275,748,654,5月31日,,0,3月29日
2,0,0,5月31日,,0,3月28日
3,1,1,5月30日,,0,3月27日
5,1,2,5月30日,,0,3月26日
2,1,0,5月29日,,0,3月25日
5,1,0,5月29日,,0,3月24日
3,0,0,5月28日,,0,3月23日
6,7,3,5月26日,,0,3月22日
20,11,327,5月25日,,0,3月21日
3,2,0,5月25日,,0,3月20日
4,1,1,5月25日,,0,3月19日
4,2,2,5月25日,,0,3月18日
4,1,1,5月25日,,0,3月17日
4,1,2,5月25日,,0,3月16日
2,0,0,5月25日,,0,3月15日
36,53,196,5月25日,,0,3月14日
3,4,1,5月24日,,0,3月13日
369,62,75,5月23日,,0,3月12日
1,1,1,5月22日,,0,3月11日
8,0,4,5月22日,,0,3月10日
1,0,0,5月22日,,0,3月9日
3,1,2,5月21日,,0,3月8日
9,13,4,5月21日,,0,3月7日
3,0,0,5月21日,,0,3月6日
176,63,100,5月21日,,0,3月5日
23,34,401,5月20日,,0,3月4日
3,2,1,5月13日,,0,3月3日
3,0,0,5月12日,,0,3月2日
6,0,0,5月5日,,0,3月1日
4,1,1,5月4日,,0,2月28日
7,2,0,5月1日,,0,2月27日
0,7,1,4月18日,,0,2月26日
0,9,0,4月18日,,0,2月25日
4,19,0,4月13日,,0,2月24日
6,3,1,4月5日,,0,2月23日
2,3,0,3月30日,,0,2月22日
1,0,2,3月30日,,0,2月21日
6,5,0,3月28日,,0,2月20日
8,4,1,3月21日,,0,2月19日
4,0,0,3月21日,,0,2月18日
7,1,1,3月18日,,0,2月17日
9,15,2,3月8日,,0,2月16日
2,3,0,3月2日,,0,2月15日
3,10,1,2月15日,,0,2月14日
3,3,1,2月14日,,0,2月13日
,,,,,0,2月12日
,,,,,0,2月11日
,,,,,0,2月10日
,,,,,0,2月9日
,,,,,0,2月8日
,,,,,0,2月7日
,,,,,0,2月6日
,,,,,0,2月5日
,,,,,0,2月4日
,,,,,0,2月3日
,,,,,0,2月2日
,,,,,0,2月1日
,,,,,0,1月31日
,,,,,0,1月30日
,,,,,0,1月29日
,,,,,0,1月28日
,,,,,0,1月27日
,,,,,0,1月26日
,,,,,0,1月25日
,,,,,0,1月24日
,,,,,0,1月23日
,,,,,0,1月22日
,,,,,0,1月21日
,,,,,0,1月20日
,,,,,0,1月19日
,,,,,0,1月18日
,,,,,0,1月17日
,,,,,0,1月16日
,,,,,0,1月15日
,,,,,0,1月14日
,,,,,0,1月13日
,,,,,0,1月12日
,,,,,0,1月11日
,,,,,0,1月10日
,,,,,0,1月9日
,,,,,0,1月8日
,,,,,0,1月7日
,,,,,0,1月6日
,,,,,0,1月5日
,,,,,0,1月4日
,,,,,0,1月3日
,,,,,0,1月2日
,,,,,0,1月1日
,,,,,,
,,,,,,
,,,,,,
,,,,,,
,,,,,,
,,,,,,
,,,,,,
,,,,,,
,,,,,,
,,,,,,
,,,,,,
,,,,,,
,,,,,,
,,,,,,
,,,,,,
,,,,,,
,,,,,,
,,,,,,
,,,,,,
,,,,,,
,,,,,,
,,,,,,
,,,,,,
,,,,,,
,,,,,,
,,,,,,
,,,,,,
,,,,,,
,,,,,,
,,,,,,
,,,,,,
,,,,,,
,,,,,,
,,,,,,
,,,,,,
,,,,,,
,,,,,,
,,,,,,
,,,,,,
,,,,,,
,,,,,,
,,,,,,
,,,,,,
,,,,,,
,,,,,,
,,,,,,
,,,,,,
,,,,,,
,,,,,,
,,,,,,
,,,,,,
,,,,,,
,,,,,,
,,,,,,
,,,,,,
,,,,,,
,,,,,,
,,,,,,
,,,,,,
,,,,,,
,,,,,,
,,,,,,
,,,,,,
,,,,,,
,,,,,,
,,,,,,
,,,,,,
,,,,,,
,,,,,,
,,,,,,
,,,,,,
,,,,,,
,,,,,,
,,,,,,
,,,,,,
,,,,,,
,,,,,,
,,,,,,
,,,,,,
,,,,,,
,,,,,,
,,,,,,
,,,,,,
,,,,,,
,,,,,,